Item num,description,item type,Unit,vendor id
1000.0,Bennet Farm free-range eggs,Dairy,dozen,BFR1EI5
2000.0,Ruby's Kale,Produce,bunch,RRPL1MSKA3
1100.0,Freshness White beans,Canned,12 ounce can,FI2EMSSJM4
1222.0,Freshness Green beans,Canned,12 ounce can,FI2EMSSJM4
1223.0,Freshness Green beans,Canned,36 oz can,FI2EMSSJM4
1224.0,Freshness Wax beans,Canned,12 ounce can,FI2EMSSJM4
2001.0,Ruby's Organic Kale,Produce,bunch,RRPL1MSKA3
